Name,Code,Code description,Easting,Northing,Elevation,Description,Longitude,Latitude,Ellipsoidal height,Origin,Easting RMS,Northing RMS,Elevation RMS,Lateral RMS,Antenna height,Antenna height units,Solution status,Correction type,Averaging start,Averaging end,Samples,PDOP,GDOP,Base easting,Base northing,Base elevation,Base longitude,Base latitude,Base ellipsoidal height,Baseline,Mount point,CS name,GPS Satellites,GLONASS Satellites,Galileo Satellites,BeiDou Satellites,QZSS Satellites,Device type,Device serial number,Author
bleu lw,,,,,,,-2.06424199,47.28169601,49.976,Global,0.010,0.010,0.010,0.014,1.984,m,FIX,RTK,2026-09-25 12:23:16.6 UTC+02:00,2026-09-25 12:23:16.6 UTC+02:00,1,1.0,1.2,,,,-2.19047262,47.31552004,58.263,10260.969,IMAC32,Global CS,7,7,10,6,0,Reach RS2+,824341A893900773,Augustin Debly augustin.debly@gmail.com
bleu lw1,,,,,,,-2.06424185,47.28169607,49.977,Global,0.010,0.010,0.010,0.014,1.984,m,FIX,RTK,2026-09-25 12:23:23.8 UTC+02:00,2026-09-25 12:23:23.8 UTC+02:00,1,1.0,1.2,,,,-2.19047262,47.31552004,58.263,10260.977,IMAC32,Global CS,7,7,10,6,0,Reach RS2+,824341A893900773,Augustin Debly augustin.debly@gmail.com
bleu lw2,,,,,,,-2.06424200,47.28169552,50.001,Global,0.010,0.010,0.010,0.014,1.984,m,FIX,RTK,2026-09-25 12:23:33.6 UTC+02:00,2026-09-25 12:23:33.6 UTC+02:00,1,1.0,1.2,,,,-2.19047262,47.31552004,58.263,10260.989,IMAC32,Global CS,7,7,10,6,0,Reach RS2+,824341A893900773,Augustin Debly augustin.debly@gmail.com
bleu lw3,,,,,,,-2.06424187,47.28169517,50.015,Global,0.010,0.010,0.010,0.014,1.984,m,FIX,RTK,2026-09-25 12:23:39.8 UTC+02:00,2026-09-25 12:23:39.8 UTC+02:00,1,1.0,1.2,,,,-2.19047262,47.31552004,58.263,10261.012,IMAC32,Global CS,7,7,10,6,0,Reach RS2+,824341A893900773,Augustin Debly augustin.debly@gmail.com
bleu lw4,,,,,,,-2.06424399,47.28169529,50.009,Global,0.010,0.010,0.010,0.014,1.984,m,FIX,RTK,2026-09-25 12:23:45.6 UTC+02:00,2026-09-25 12:23:45.6 UTC+02:00,1,1.0,1.2,,,,-2.19047262,47.31552004,58.263,10260.858,IMAC32,Global CS,7,7,10,6,0,Reach RS2+,824341A893900773,Augustin Debly augustin.debly@gmail.com
bleu lw5,,,,,,,-2.06424341,47.28169631,50.011,Global,0.010,0.010,0.010,0.014,1.984,m,FIX,RTK,2026-09-25 12:23:54.8 UTC+02:00,2026-09-25 12:23:54.8 UTC+02:00,1,1.0,1.2,,,,-2.19047262,47.31552004,58.263,10260.857,IMAC32,Global CS,7,7,10,6,0,Reach RS2+,824341A893900773,Augustin Debly augustin.debly@gmail.com
bleu lw6,,,,,,,-2.06424246,47.28169625,49.988,Global,0.010,0.010,0.010,0.014,1.984,m,FIX,RTK,2026-09-25 12:24:03.8 UTC+02:00,2026-09-25 12:24:03.8 UTC+02:00,1,1.0,1.2,,,,-2.19047262,47.31552004,58.263,10260.926,IMAC32,Global CS,7,7,10,6,0,Reach RS2+,824341A893900773,Augustin Debly augustin.debly@gmail.com
vert mt,,,,,,,-2.06426615,47.28192427,49.152,Global,0.010,0.010,0.010,0.014,1.984,m,FIX,RTK,2026-09-25 12:25:10.2 UTC+02:00,2026-09-25 12:25:10.2 UTC+02:00,1,1.0,1.2,,,,-2.19047262,47.31552004,58.263,10249.975,IMAC32,Global CS,7,7,10,6,0,Reach RS2+,824341A893900773,Augustin Debly augustin.debly@gmail.com
vert mt1,,,,,,,-2.06426630,47.28192363,49.162,Global,0.010,0.010,0.010,0.014,1.984,m,FIX,RTK,2026-09-25 12:25:17.4 UTC+02:00,2026-09-25 12:25:17.4 UTC+02:00,1,1.0,1.2,,,,-2.19047262,47.31552004,58.263,10249.991,IMAC32,Global CS,7,7,10,6,0,Reach RS2+,824341A893900773,Augustin Debly augustin.debly@gmail.com
vert mt2,,,,,,,-2.06426514,47.28192416,49.174,Global,0.010,0.010,0.010,0.014,1.984,m,FIX,RTK,2026-09-25 12:25:23.0 UTC+02:00,2026-09-25 12:25:23.0 UTC+02:00,1,1.0,1.2,,,,-2.19047262,47.31552004,58.263,10250.051,IMAC32,Global CS,7,7,10,6,0,Reach RS2+,824341A893900773,Augustin Debly augustin.debly@gmail.com
vert mt3,,,,,,,-2.06426545,47.28192495,49.161,Global,0.010,0.010,0.010,0.014,1.984,m,FIX,RTK,2026-09-25 12:25:26.8 UTC+02:00,2026-09-25 12:25:26.8 UTC+02:00,1,1.0,1.2,,,,-2.19047262,47.31552004,58.263,10249.997,IMAC32,Global CS,7,7,10,6,0,Reach RS2+,824341A893900773,Augustin Debly augustin.debly@gmail.com
vert mt4,,,,,,,-2.06426618,47.28192373,49.173,Global,0.010,0.010,0.010,0.014,1.984,m,FIX,RTK,2026-09-25 12:25:35.4 UTC+02:00,2026-09-25 12:25:35.4 UTC+02:00,1,1.0,1.2,,,,-2.19047262,47.31552004,58.263,10249.995,IMAC32,Global CS,7,6,10,6,0,Reach RS2+,824341A893900773,Augustin Debly augustin.debly@gmail.com
vert mt5,,,,,,,-2.06426675,47.28192398,49.164,Global,0.010,0.010,0.010,0.014,1.984,m,FIX,RTK,2026-09-25 12:25:42.6 UTC+02:00,2026-09-25 12:25:42.6 UTC+02:00,1,1.0,1.2,,,,-2.19047262,47.31552004,58.263,10249.944,IMAC32,Global CS,7,6,10,6,0,Reach RS2+,824341A893900773,Augustin Debly augustin.debly@gmail.com
rouge sx,,,,,,,-2.06426224,47.28214724,48.878,Global,0.010,0.010,0.010,0.014,1.984,m,FIX,RTK,2026-09-25 12:26:44.8 UTC+02:00,2026-09-25 12:26:44.8 UTC+02:00,1,1.0,1.2,,,,-2.19047262,47.31552004,58.263,10241.225,IMAC32,Global CS,7,6,10,6,0,Reach RS2+,824341A893900773,Augustin Debly augustin.debly@gmail.com
rouge sx1,,,,,,,-2.06426094,47.28214696,48.920,Global,0.010,0.010,0.010,0.014,1.984,m,FIX,RTK,2026-09-25 12:26:48.8 UTC+02:00,2026-09-25 12:26:48.8 UTC+02:00,1,1.0,1.2,,,,-2.19047262,47.31552004,58.263,10241.328,IMAC32,Global CS,7,6,10,6,0,Reach RS2+,824341A893900773,Augustin Debly augustin.debly@gmail.com
rouge sx2,,,,,,,-2.06426174,47.28214804,48.941,Global,0.010,0.010,0.010,0.014,1.984,m,FIX,RTK,2026-09-25 12:26:53.4 UTC+02:00,2026-09-25 12:26:53.4 UTC+02:00,1,1.0,1.2,,,,-2.19047262,47.31552004,58.263,10241.227,IMAC32,Global CS,7,6,10,6,0,Reach RS2+,824341A893900773,Augustin Debly augustin.debly@gmail.com
rouge sx3,,,,,,,-2.06426275,47.28214764,48.932,Global,0.010,0.010,0.010,0.014,1.984,m,FIX,RTK,2026-09-25 12:26:58.2 UTC+02:00,2026-09-25 12:26:58.2 UTC+02:00,1,1.0,1.2,,,,-2.19047262,47.31552004,58.263,10241.173,IMAC32,Global CS,7,6,10,6,0,Reach RS2+,824341A893900773,Augustin Debly augustin.debly@gmail.com
rouge sx4,,,,,,,-2.06426236,47.28214644,48.897,Global,0.010,0.010,0.010,0.014,1.984,m,FIX,RTK,2026-09-25 12:27:04.0 UTC+02:00,2026-09-25 12:27:04.0 UTC+02:00,1,1.0,1.2,,,,-2.19047262,47.31552004,58.263,10241.249,IMAC32,Global CS,7,6,10,6,0,Reach RS2+,824341A893900773,Augustin Debly augustin.debly@gmail.com
rouge sx5,,,,,,,-2.06426148,47.28214748,48.902,Global,0.010,0.010,0.010,0.014,1.984,m,FIX,RTK,2026-09-25 12:27:09.0 UTC+02:00,2026-09-25 12:27:09.0 UTC+02:00,1,1.0,1.2,,,,-2.19047262,47.31552004,58.263,10241.269,IMAC32,Global CS,7,6,10,6,0,Reach RS2+,824341A893900773,Augustin Debly augustin.debly@gmail.com
rouge sx6,,,,,,,-2.06426136,47.28214709,48.927,Global,0.010,0.010,0.010,0.014,1.984,m,FIX,RTK,2026-09-25 12:27:12.8 UTC+02:00,2026-09-25 12:27:12.8 UTC+02:00,1,1.0,1.2,,,,-2.19047262,47.31552004,58.263,10241.293,IMAC32,Global CS,7,6,10,6,0,Reach RS2+,824341A893900773,Augustin Debly augustin.debly@gmail.com
